"path","step","x","y"
0,0,-3.10871362686157,1.53372371196747
1,0,-3.11494398117065,-0.905400812625885
2,0,-3.03592276573181,0.197846740484238
3,0,-3.80414080619812,3.58527755737305
4,0,1.95761907100677,2.27105116844177
5,0,-1.05450212955475,1.19209611415863
6,0,-2.06514954566956,-0.31544616818428
7,0,-3.49804902076721,1.02390038967133
8,0,-3.00459265708923,2.23453783988953
9,0,-2.78364062309265,-0.0190140064805746
10,0,-2.62321186065674,-0.850911617279053
11,0,-0.76304680109024,1.6662802696228
12,0,-2.62846899032593,0.204130798578262
13,0,-3.29603791236877,0.0607056580483913
14,0,-1.01636707782745,1.79141676425934
15,0,-4.31424713134766,4.21497392654419
16,0,-3.51351737976074,2.99733519554138
17,0,-1.39259672164917,1.24392771720886
18,0,-2.31462073326111,-0.521763324737549
19,0,-2.00762367248535,0.449184268712997
20,0,-2.55171489715576,1.64542531967163
21,0,-0.952532708644867,0.244387269020081
22,0,-2.93207240104675,-0.472610414028168
23,0,-2.29426598548889,0.192063078284264
24,0,-2.9372501373291,0.389730423688889
25,0,-0.606723248958588,-0.249216198921204
26,0,-3.5754508972168,0.4238141477108
27,0,-2.13997864723206,2.66134452819824
28,0,-0.70325893163681,1.33095848560333
29,0,-0.972571074962616,-0.154108539223671
30,0,-0.0978240594267845,3.01256585121155
31,0,-2.9980640411377,-0.872528195381165
32,0,-1.12739324569702,3.88725423812866
33,0,-1.17017865180969,-0.115175850689411
34,0,-2.11125063896179,-0.355792164802551
35,0,-2.19166970252991,-0.133175820112228
0,1,-3.0586531162262,1.57257735729218
1,1,-3.02949976921082,-0.976319909095764
2,1,-2.99014973640442,0.208013713359833
3,1,-3.77754259109497,3.78693771362305
4,1,2.2335684299469,2.38254499435425
5,1,-0.966880083084106,1.19279956817627
6,1,-1.97859573364258,-0.340966433286667
7,1,-3.46582198143005,1.04313349723816
8,1,-2.85517835617065,2.21066808700562
9,1,-2.71141767501831,-0.0591333545744419
10,1,-2.55489373207092,-0.878351211547852
11,1,-0.612926423549652,1.73636937141418
12,1,-2.55576682090759,0.19837398827076
13,1,-3.25688457489014,0.0678049251437187
14,1,-0.915111005306244,1.83196866512299
15,1,-4.28986740112305,4.40717792510986
16,1,-3.40888166427612,3.02966690063477
17,1,-1.24727439880371,1.24870884418488
18,1,-2.23815727233887,-0.557719707489014
19,1,-1.95400583744049,0.427127122879028
20,1,-2.44931030273438,1.64039790630341
21,1,-0.782019257545471,0.267447501420975
22,1,-2.86448383331299,-0.488634377717972
23,1,-2.20069217681885,0.215494334697723
24,1,-2.88179969787598,0.384809136390686
25,1,-0.47663739323616,-0.2733473777771
26,1,-3.48395252227783,0.427827298641205
27,1,-2.01321697235107,2.70158982276917
28,1,-0.596616089344025,1.35164046287537
29,1,-0.817646741867065,-0.13046807050705
30,1,0.0288609210401773,3.0439133644104
31,1,-2.94897031784058,-0.881353974342346
32,1,-1.02115964889526,3.93931412696838
33,1,-1.03730654716492,-0.124208457767963
34,1,-2.00089836120605,-0.364916443824768
35,1,-2.10528159141541,-0.121499307453632
0,2,-2.92613649368286,1.50856447219849
1,2,-2.91604399681091,-1.01090252399445
2,2,-2.87574744224548,0.20960707962513
3,2,-3.66792774200439,3.84181332588196
4,2,2.45301055908203,2.44919896125793
5,2,-0.916539371013641,1.12839889526367
6,2,-1.85371077060699,-0.367353171110153
7,2,-3.37036919593811,1.0593763589859
8,2,-2.67754316329956,2.14340305328369
9,2,-2.60824179649353,-0.101369895040989
10,2,-2.43426084518433,-0.907828629016876
11,2,-0.476402670145035,1.75457739830017
12,2,-2.40607643127441,0.185535475611687
13,2,-3.14658832550049,0.0725328326225281
14,2,-0.848149716854095,1.80581724643707
15,2,-4.18833351135254,4.46095371246338
16,2,-3.24804520606995,2.95478510856628
17,2,-1.04901587963104,1.20417368412018
18,2,-2.12609791755676,-0.608210265636444
19,2,-1.89635276794434,0.412141561508179
20,2,-2.35074901580811,1.57079493999481
21,2,-0.594065010547638,0.295604854822159
22,2,-2.78905057907104,-0.465924382209778
23,2,-2.0656750202179,0.216659665107727
24,2,-2.76407861709595,0.354465454816818
25,2,-0.339929789304733,-0.281627178192139
26,2,-3.32467412948608,0.406046032905579
27,2,-1.83546245098114,2.62886452674866
28,2,-0.50933974981308,1.2981618642807
29,2,-0.657816290855408,-0.117728911340237
30,2,0.145145446062088,2.97103261947632
31,2,-2.84880399703979,-0.877066135406494
32,2,-0.902711689472198,3.83879733085632
33,2,-0.869796633720398,-0.145903155207634
34,2,-1.8455947637558,-0.371279001235962
35,2,-1.98199069499969,-0.108520075678825
0,3,-2.75150775909424,1.4022308588028
1,3,-2.8086884021759,-1.00053465366364
2,3,-2.71815252304077,0.208762273192406
3,3,-3.50475811958313,3.79287600517273
4,3,2.6231906414032,2.46147584915161
5,3,-0.891692817211151,1.03033268451691
6,3,-1.71221077442169,-0.378735721111298
7,3,-3.23933982849121,1.08089625835419
8,3,-2.49785017967224,2.07281637191772
9,3,-2.50795722007751,-0.121239431202412
10,3,-2.2908673286438,-0.919759750366211
11,3,-0.356876581907272,1.74089014530182
12,3,-2.20512700080872,0.168316096067429
13,3,-2.9868426322937,0.0774096101522446
14,3,-0.801613628864288,1.73453593254089
15,3,-4.04216146469116,4.41179752349854
16,3,-3.06459999084473,2.81760263442993
17,3,-0.828977704048157,1.15284037590027
18,3,-2.0075535774231,-0.644632816314697
19,3,-1.83770310878754,0.403092563152313
20,3,-2.27018570899963,1.46449422836304
21,3,-0.403677046298981,0.32476806640625
22,3,-2.7224178314209,-0.418201059103012
23,3,-1.91582572460175,0.207085803151131
24,3,-2.62204027175903,0.317131638526917
25,3,-0.232283130288124,-0.270049244165421
26,3,-3.13911724090576,0.38146036863327
27,3,-1.63690114021301,2.49285840988159
28,3,-0.431066066026688,1.20541965961456
29,3,-0.516014754772186,-0.0970790535211563
30,3,0.248584479093552,2.83141732215881
31,3,-2.72748589515686,-0.840226173400879
32,3,-0.78504353761673,3.63750767707825
33,3,-0.684239387512207,-0.150976285338402
34,3,-1.67333853244781,-0.358963280916214
35,3,-1.84340012073517,-0.0802667364478111
0,4,-2.5682544708252,1.29326283931732
1,4,-2.72390294075012,-0.961878657341003
2,4,-2.54503464698792,0.202485650777817
3,4,-3.31773638725281,3.68866562843323
4,4,2.75284457206726,2.43597912788391
5,4,-0.879910349845886,0.929669260978699
6,4,-1.56883645057678,-0.374286383390427
7,4,-3.09730911254883,1.10992538928986
8,4,-2.32242822647095,2.01124787330627
9,4,-2.41907525062561,-0.121857464313507
10,4,-2.14043068885803,-0.914654552936554
11,4,-0.256410300731659,1.70908153057098
12,4,-1.97892427444458,0.142800241708755
13,4,-2.80698990821838,0.0786586478352547
14,4,-0.765007615089417,1.65509223937988
15,4,-3.88743376731873,4.30066728591919
16,4,-2.88632297515869,2.65846943855286
17,4,-0.599010467529297,1.10888135433197
18,4,-1.89713978767395,-0.659732043743134
19,4,-1.77642321586609,0.392440617084503
20,4,-2.21657991409302,1.3474303483963
21,4,-0.2169409096241,0.345220535993576
22,4,-2.66625761985779,-0.370046973228455
23,4,-1.76428329944611,0.196451559662819
24,4,-2.48169350624084,0.281086206436157
25,4,-0.160784363746643,-0.254949271678925
26,4,-2.95289182662964,0.358067184686661
27,4,-1.43728613853455,2.33521461486816
28,4,-0.35568630695343,1.10197770595551
29,4,-0.397466272115707,-0.0687090680003166
30,4,0.339744389057159,2.6816713809967
31,4,-2.60539507865906,-0.78388237953186
32,4,-0.67167341709137,3.39967155456543
33,4,-0.488558351993561,-0.141119420528412
34,4,-1.49731040000916,-0.329833209514618
35,4,-1.70164525508881,-0.0466270186007023
0,5,-2.38580226898193,1.18846917152405
1,5,-2.66299486160278,-0.916362643241882
2,5,-2.37164640426636,0.187610015273094
3,5,-3.12939548492432,3.56574678421021
4,5,2.83877968788147,2.40280199050903
5,5,-0.872746646404266,0.838670790195465
6,5,-1.4268194437027,-0.363098293542862
7,5,-2.95612335205078,1.13862729072571
8,5,-2.15028262138367,1.95814919471741
9,5,-2.34058237075806,-0.112925171852112
10,5,-1.98714470863342,-0.901903688907623
11,5,-0.178179308772087,1.66859197616577
12,5,-1.74499928951263,0.108181767165661
13,5,-2.62606310844421,0.0723833367228508
14,5,-0.729257464408875,1.58458030223846
15,5,-3.74324131011963,4.16281747817993
16,5,-2.71609997749329,2.49687147140503
17,5,-0.360861271619797,1.07204473018646
18,5,-1.79518520832062,-0.665175199508667
19,5,-1.71293437480927,0.374599367380142
20,5,-2.19391274452209,1.23438000679016
21,5,-0.0299125220626593,0.349397361278534
22,5,-2.62219786643982,-0.333004415035248
23,5,-1.61350667476654,0.186975747346878
24,5,-2.34961581230164,0.244425356388092
25,5,-0.114738903939724,-0.253927022218704
26,5,-2.77308964729309,0.332223147153854
27,5,-1.23629665374756,2.17610764503479
28,5,-0.27995839715004,1.00294744968414
29,5,-0.295326948165894,-0.0467824898660183
30,5,0.425244182348251,2.54636240005493
31,5,-2.48983597755432,-0.73191112279892
32,5,-0.552335798740387,3.16605663299561
33,5,-0.287209868431091,-0.124648921191692
34,5,-1.31971395015717,-0.293025583028793
35,5,-1.56187725067139,-0.0218533743172884
0,6,-2.20411062240601,1.08472514152527
1,6,-2.62075090408325,-0.877425849437714
2,6,-2.20218729972839,0.164264008402824
3,6,-2.94814205169678,3.43946528434753
4,6,2.88316631317139,2.36670279502869
5,6,-0.865973472595215,0.75780314207077
6,6,-1.28716838359833,-0.351945698261261
7,6,-2.82419490814209,1.16446268558502
8,6,-1.97987973690033,1.90911614894867
9,6,-2.2717981338501,-0.100809268653393
10,6,-1.83339881896973,-0.887805759906769
11,6,-0.120846897363663,1.62333977222443
12,6,-1.5114620923996,0.0658987015485764
13,6,-2.45098423957825,0.0583916530013084
14,6,-0.68802934885025,1.52348613739014
15,6,-3.61524486541748,4.02127981185913
16,6,-2.55130505561829,2.33817791938782
17,6,-0.112996742129326,1.03911185264587
18,6,-1.70183873176575,-0.668971002101898
19,6,-1.64934992790222,0.349212497472763
20,6,-2.20170783996582,1.13128006458282
21,6,0.159264892339706,0.338835954666138
22,6,-2.59226012229919,-0.308318078517914
23,6,-1.462965965271,0.176340192556381
24,6,-2.22601747512817,0.204279273748398
25,6,-0.0826256349682808,-0.273155391216278
26,6,-2.60082101821899,0.301588863134384
27,6,-1.02762854099274,2.02214884757996
28,6,-0.199366644024849,0.911945521831512
29,6,-0.203138425946236,-0.0379404090344906
30,6,0.509145319461823,2.42494511604309
31,6,-2.384197473526,-0.692951798439026
32,6,-0.419590353965759,2.95009827613831
33,6,-0.0825292468070984,-0.104653626680374
34,6,-1.14019584655762,-0.253784418106079
35,6,-1.42581164836884,-0.0091824634000659
0,7,-2.0220205783844,0.978380501270294
1,7,-2.59311079978943,-0.849096238613129
2,7,-2.0364830493927,0.132796317338943
3,7,-2.77527260780334,3.31242823600769
4,7,2.89949941635132,2.31048655509949
5,7,-0.857654690742493,0.683626115322113
6,7,-1.15088140964508,-0.344706952571869
7,7,-2.70594167709351,1.1892808675766
8,7,-1.81068408489227,1.85977697372437
9,7,-2.21196532249451,-0.0893484055995941
10,7,-1.68112564086914,-0.876534342765808
11,7,-0.0790740177035332,1.57348024845123
12,7,-1.28059411048889,0.0168551076203585
13,7,-2.28278613090515,0.036893367767334
14,7,-0.638657212257385,1.46788287162781
15,7,-3.5040762424469,3.88611102104187
16,7,-2.39149713516235,2.18157577514648
17,7,0.146526381373405,1.00737702846527
18,7,-1.61785745620728,-0.674455285072327
19,7,-1.58699655532837,0.31843489408493
20,7,-2.23563528060913,1.03764164447784
21,7,0.3486507833004,0.318501144647598
22,7,-2.57692003250122,-0.294635504484177
23,7,-1.31166231632233,0.161095499992371
24,7,-2.10977697372437,0.158314600586891
25,7,-0.0583922117948532,-0.311682611703873
26,7,-2.43605709075928,0.265452027320862
27,7,-0.806911587715149,1.87431061267853
28,7,-0.111367672681808,0.827662587165833
29,7,-0.118257194757462,-0.0400697365403175
30,7,0.592597663402557,2.31161618232727
31,7,-2.29001998901367,-0.66716331243515
32,7,-0.270068407058716,2.7515549659729
33,7,0.125113308429718,-0.0815888941287994
34,7,-0.958290576934814,-0.21438555419445
35,7,-1.29358351230621,-0.00625341385602951
0,8,-1.83905506134033,0.86697906255722
1,8,-2.57758617401123,-0.831252872943878
2,8,-1.87364792823792,0.0932835340499878
3,8,-2.6109983921051,3.18460154533386
4,8,2.90019178390503,2.21872544288635
5,8,-0.846896827220917,0.61248105764389
6,8,-1.01881957054138,-0.343681991100311
7,8,-2.60152435302734,1.21546351909637
8,8,-1.64298188686371,1.80762696266174
9,8,-2.1598207950592,-0.0805281773209572
10,8,-1.53162550926208,-0.871097028255463
11,8,-0.0481062792241573,1.5178530216217
12,8,-1.05322968959808,-0.0384100861847401
13,8,-2.1211416721344,0.00784953963011503
14,8,-0.58074027299881,1.41377544403076
15,8,-3.40915679931641,3.76127600669861
16,8,-2.2381010055542,2.02570080757141
17,8,0.417778223752975,0.975602090358734
18,8,-1.54341101646423,-0.683565139770508
19,8,-1.52599585056305,0.284015208482742
20,8,-2.29102468490601,0.951158404350281
21,8,0.534444391727448,0.29211488366127
22,8,-2.57565236091614,-0.290592014789581
23,8,-1.15899038314819,0.1386549025774
24,8,-1.99979722499847,0.105020642280579
25,8,-0.0395571105182171,-0.367313295602798
26,8,-2.27870416641235,0.224212199449539
27,8,-0.57351154088974,1.7320796251297
28,8,-0.0161215364933014,0.748320937156677
29,8,-0.0392934232950211,-0.0511608049273491
30,8,0.676180303096771,2.20134496688843
31,8,-2.20769762992859,-0.653443276882172
32,8,-0.102825276553631,2.56608629226685
33,8,0.335688412189484,-0.055942565202713
34,8,-0.774098873138428,-0.176053389906883
35,8,-1.16497814655304,-0.0105251595377922
0,9,-1.65519690513611,0.749178469181061
1,9,-2.57225608825684,-0.822858214378357
2,9,-1.71311891078949,0.0457879900932312
3,9,-2.45564675331116,3.0571174621582
4,9,2.88838076591492,2.09235501289368
5,9,-0.83250105381012,0.541093349456787
6,9,-0.891630113124847,-0.350170731544495
7,9,-2.50926446914673,1.24505877494812
8,9,-1.47746455669403,1.7522509098053
9,9,-2.11384725570679,-0.075089730322361
10,9,-1.38554799556732,-0.873414397239685
11,9,-0.0242992304265499,1.45490646362305
12,9,-0.830236673355103,-0.0993843302130699
13,9,-1.96586942672729,-0.0287468265742064
14,9,-0.51444411277771,1.35755240917206
15,9,-3.32966375350952,3.64952087402344
16,9,-2.09313297271729,1.87026953697205
17,9,0.697067320346832,0.943666517734528
18,9,-1.47809207439423,-0.697839021682739
19,9,-1.46595740318298,0.246722415089607
20,9,-2.36480522155762,0.870765745639801
21,9,0.712629079818726,0.261686831712723
22,9,-2.58758139610291,-0.295062333345413
23,9,-1.00490939617157,0.107665091753006
24,9,-1.89531934261322,0.0437174923717976
25,9,-0.0250906869769096,-0.437939256429672
26,9,-2.12869906425476,0.178957000374794
27,9,-0.330272376537323,1.59418284893036
28,9,0.0852230414748192,0.673022031784058
29,9,0.0351094827055931,-0.0709941536188126
30,9,0.761649250984192,2.08957505226135
31,9,-2.13713073730469,-0.650853455066681
32,9,0.0812426134943962,2.38848233222961
33,9,0.548131585121155,-0.0287738628685474
34,9,-0.588462054729462,-0.13952200114727
35,9,-1.0398188829422,-0.0199014060199261
0,10,-1.47046446800232,0.624384105205536
1,10,-2.57536244392395,-0.822780668735504
2,10,-1.55481338500977,-0.00953395199030638
3,10,-2.30945324897766,2.93208050727844
4,10,2.86565399169922,1.94054043292999
5,10,-0.812940359115601,0.466810345649719
6,10,-0.769735276699066,-0.364774912595749
7,10,-2.42756843566895,1.27982819080353
8,10,-1.3148455619812,1.69460654258728
9,10,-2.0725564956665,-0.073119655251503
10,10,-1.2430956363678,-0.884500205516815
11,10,-0.00402710260823369,1.38354122638702
12,10,-0.612486958503723,-0.165553227066994
13,10,-1.81714618206024,-0.0727241560816765
14,10,-0.439629018306732,1.29587662220001
15,10,-3.26474714279175,3.55306100845337
16,10,-1.95835697650909,1.7160313129425
17,10,0.977109372615814,0.911794126033783
18,10,-1.42128026485443,-0.718477189540863
19,10,-1.40644872188568,0.206768438220024
20,10,-2.45472550392151,0.796888411045074
21,10,0.880355596542358,0.228202447295189
22,10,-2.61172437667847,-0.307020753622055
23,10,-0.849799931049347,0.0677718818187714
24,10,-1.79589700698853,-0.0256450399756432
25,10,-0.0142442667856812,-0.521526157855988
26,10,-1.98592853546143,0.131127268075943
27,10,-0.0820368230342865,1.45912134647369
28,10,0.191660895943642,0.601553678512573
29,10,0.106334142386913,-0.0997901856899261
30,10,0.852457702159882,1.97149837017059
31,10,-2.07801222801208,-0.658567488193512
32,10,0.279902964830399,2.21430206298828
33,10,0.760379612445831,-0.00148731668014079
34,10,-0.40265828371048,-0.105153732001781
35,10,-0.918173670768738,-0.0324984006583691
