holdout,source,anchor,alpha,donor,seed,method,source_cells,target_cells,energy_distance,baseline_distance,improvement
Wound7,Wound1,Wound30,0.49999999999999994,PWH26,0,Unchanged source,255,920,1.7580284658395158,1.7580284658395158,0.0
Wound7,Wound1,Wound30,0.49999999999999994,PWH26,0,Centroid translation,255,920,0.705820683439951,1.7580284658395158,0.5985157822214793
Wound7,Wound1,Wound30,0.49999999999999994,PWH26,0,Independent bridge,255,920,0.8678241809340221,1.7580284658395158,0.5063651142192354
Wound7,Wound1,Wound30,0.49999999999999994,PWH26,0,Shared flow,255,920,0.9290916736594017,1.7580284658395158,0.4715150000624534
Wound7,Wound1,Wound30,0.49999999999999994,PWH27,0,Unchanged source,497,1992,1.5845662153158733,1.5845662153158733,0.0
Wound7,Wound1,Wound30,0.49999999999999994,PWH27,0,Centroid translation,497,1992,0.6898344741297668,1.5845662153158733,0.5646540564464497
Wound7,Wound1,Wound30,0.49999999999999994,PWH27,0,Independent bridge,497,1992,0.9590611342562152,1.5845662153158733,0.394748464919762
Wound7,Wound1,Wound30,0.49999999999999994,PWH27,0,Shared flow,497,1992,0.8411246968392927,1.5845662153158733,0.46917668147328273
Wound7,Wound1,Wound30,0.49999999999999994,PWH28,0,Unchanged source,260,909,1.0748339372242013,1.0748339372242013,0.0
Wound7,Wound1,Wound30,0.49999999999999994,PWH28,0,Centroid translation,260,909,0.6066061656212467,1.0748339372242013,0.43562801227896675
Wound7,Wound1,Wound30,0.49999999999999994,PWH28,0,Independent bridge,260,909,0.9889363179666466,1.0748339372242013,0.0799171074551186
Wound7,Wound1,Wound30,0.49999999999999994,PWH28,0,Shared flow,260,909,0.6441974804697397,1.0748339372242013,0.40065394461454795
Wound7,Wound1,Wound30,0.49999999999999994,PWH26,1,Unchanged source,255,920,1.7580284658395158,1.7580284658395158,0.0
Wound7,Wound1,Wound30,0.49999999999999994,PWH26,1,Centroid translation,255,920,0.705820683439951,1.7580284658395158,0.5985157822214793
Wound7,Wound1,Wound30,0.49999999999999994,PWH26,1,Independent bridge,255,920,0.87121616583274,1.7580284658395158,0.5044356887493822
Wound7,Wound1,Wound30,0.49999999999999994,PWH26,1,Shared flow,255,920,0.8878042147371934,1.7580284658395158,0.4950000913021405
Wound7,Wound1,Wound30,0.49999999999999994,PWH27,1,Unchanged source,497,1992,1.5845662153158733,1.5845662153158733,0.0
Wound7,Wound1,Wound30,0.49999999999999994,PWH27,1,Centroid translation,497,1992,0.6898344741297668,1.5845662153158733,0.5646540564464497
Wound7,Wound1,Wound30,0.49999999999999994,PWH27,1,Independent bridge,497,1992,0.998038264545829,1.5845662153158733,0.3701504835208945
Wound7,Wound1,Wound30,0.49999999999999994,PWH27,1,Shared flow,497,1992,0.872161143997225,1.5845662153158733,0.44958996628401215
Wound7,Wound1,Wound30,0.49999999999999994,PWH28,1,Unchanged source,260,909,1.0748339372242013,1.0748339372242013,0.0
Wound7,Wound1,Wound30,0.49999999999999994,PWH28,1,Centroid translation,260,909,0.6066061656212467,1.0748339372242013,0.43562801227896675
Wound7,Wound1,Wound30,0.49999999999999994,PWH28,1,Independent bridge,260,909,0.8980705941159366,1.0748339372242013,0.1644564215796559
Wound7,Wound1,Wound30,0.49999999999999994,PWH28,1,Shared flow,260,909,0.653221046690275,1.0748339372242013,0.39225863264306415
Wound7,Wound1,Wound30,0.49999999999999994,PWH26,2,Unchanged source,255,920,1.7580284658395158,1.7580284658395158,0.0
Wound7,Wound1,Wound30,0.49999999999999994,PWH26,2,Centroid translation,255,920,0.705820683439951,1.7580284658395158,0.5985157822214793
Wound7,Wound1,Wound30,0.49999999999999994,PWH26,2,Independent bridge,255,920,0.8507576190602864,1.7580284658395158,0.5160728989368089
Wound7,Wound1,Wound30,0.49999999999999994,PWH26,2,Shared flow,255,920,0.9038480514866132,1.7580284658395158,0.4858740520705981
Wound7,Wound1,Wound30,0.49999999999999994,PWH27,2,Unchanged source,497,1992,1.5845662153158733,1.5845662153158733,0.0
Wound7,Wound1,Wound30,0.49999999999999994,PWH27,2,Centroid translation,497,1992,0.6898344741297668,1.5845662153158733,0.5646540564464497
Wound7,Wound1,Wound30,0.49999999999999994,PWH27,2,Independent bridge,497,1992,0.9853694281075782,1.5845662153158733,0.37814562838502075
Wound7,Wound1,Wound30,0.49999999999999994,PWH27,2,Shared flow,497,1992,0.8803573128734401,1.5845662153158733,0.4444174662035525
Wound7,Wound1,Wound30,0.49999999999999994,PWH28,2,Unchanged source,260,909,1.0748339372242013,1.0748339372242013,0.0
Wound7,Wound1,Wound30,0.49999999999999994,PWH28,2,Centroid translation,260,909,0.6066061656212467,1.0748339372242013,0.43562801227896675
Wound7,Wound1,Wound30,0.49999999999999994,PWH28,2,Independent bridge,260,909,0.9364014742042981,1.0748339372242013,0.128794279958642
Wound7,Wound1,Wound30,0.49999999999999994,PWH28,2,Shared flow,260,909,0.6868263181613647,1.0748339372242013,0.36099308518754136
Wound1,Skin,Wound7,0.5,PWH26,0,Unchanged source,724,255,1.1341395830364265,1.1341395830364265,0.0
Wound1,Skin,Wound7,0.5,PWH26,0,Centroid translation,724,255,0.8703744657884611,1.1341395830364265,0.23256847851283724
Wound1,Skin,Wound7,0.5,PWH26,0,Independent bridge,724,255,1.047141090063806,1.1341395830364265,0.07670880575360906
Wound1,Skin,Wound7,0.5,PWH26,0,Shared flow,724,255,0.7369649731326682,1.1341395830364265,0.3501990547234095
Wound1,Skin,Wound7,0.5,PWH27,0,Unchanged source,521,497,1.5517124269806004,1.5517124269806004,0.0
Wound1,Skin,Wound7,0.5,PWH27,0,Centroid translation,521,497,1.0899749088091717,1.5517124269806004,0.29756642412789114
Wound1,Skin,Wound7,0.5,PWH27,0,Independent bridge,521,497,1.322470622210953,1.5517124269806004,0.14773472248058073
Wound1,Skin,Wound7,0.5,PWH27,0,Shared flow,521,497,1.2486062751228904,1.5517124269806004,0.19533654985770088
Wound1,Skin,Wound7,0.5,PWH28,0,Unchanged source,907,260,1.3521989295766526,1.3521989295766526,0.0
Wound1,Skin,Wound7,0.5,PWH28,0,Centroid translation,907,260,0.8274688378512627,1.3521989295766526,0.3880568755439503
Wound1,Skin,Wound7,0.5,PWH28,0,Independent bridge,907,260,0.9323773854575155,1.3521989295766526,0.3104732114013543
Wound1,Skin,Wound7,0.5,PWH28,0,Shared flow,907,260,0.8597244559345354,1.3521989295766526,0.36420267970209197
Wound1,Skin,Wound7,0.5,PWH26,1,Unchanged source,724,255,1.1341395830364265,1.1341395830364265,0.0
Wound1,Skin,Wound7,0.5,PWH26,1,Centroid translation,724,255,0.8703744657884611,1.1341395830364265,0.23256847851283724
Wound1,Skin,Wound7,0.5,PWH26,1,Independent bridge,724,255,1.0270806864420337,1.1341395830364265,0.09439657886533204
Wound1,Skin,Wound7,0.5,PWH26,1,Shared flow,724,255,0.8900971976682142,1.1341395830364265,0.21517843924893165
Wound1,Skin,Wound7,0.5,PWH27,1,Unchanged source,521,497,1.5517124269806004,1.5517124269806004,0.0
Wound1,Skin,Wound7,0.5,PWH27,1,Centroid translation,521,497,1.0899749088091717,1.5517124269806004,0.29756642412789114
Wound1,Skin,Wound7,0.5,PWH27,1,Independent bridge,521,497,1.3232291184790057,1.5517124269806004,0.14724591008540733
Wound1,Skin,Wound7,0.5,PWH27,1,Shared flow,521,497,1.375379674937908,1.5517124269806004,0.11363752005634808
Wound1,Skin,Wound7,0.5,PWH28,1,Unchanged source,907,260,1.3521989295766526,1.3521989295766526,0.0
Wound1,Skin,Wound7,0.5,PWH28,1,Centroid translation,907,260,0.8274688378512627,1.3521989295766526,0.3880568755439503
Wound1,Skin,Wound7,0.5,PWH28,1,Independent bridge,907,260,0.9258307853231873,1.3521989295766526,0.31531465890669863
Wound1,Skin,Wound7,0.5,PWH28,1,Shared flow,907,260,1.0341067800321362,1.3521989295766526,0.23524064587457183
Wound1,Skin,Wound7,0.5,PWH26,2,Unchanged source,724,255,1.1341395830364265,1.1341395830364265,0.0
Wound1,Skin,Wound7,0.5,PWH26,2,Centroid translation,724,255,0.8703744657884611,1.1341395830364265,0.23256847851283724
Wound1,Skin,Wound7,0.5,PWH26,2,Independent bridge,724,255,1.0192112818799508,1.1341395830364265,0.10133523498825314
Wound1,Skin,Wound7,0.5,PWH26,2,Shared flow,724,255,0.8960272429088585,1.1341395830364265,0.20994976605090443
Wound1,Skin,Wound7,0.5,PWH27,2,Unchanged source,521,497,1.5517124269806004,1.5517124269806004,0.0
Wound1,Skin,Wound7,0.5,PWH27,2,Centroid translation,521,497,1.0899749088091717,1.5517124269806004,0.29756642412789114
Wound1,Skin,Wound7,0.5,PWH27,2,Independent bridge,521,497,1.3131600676248363,1.5517124269806004,0.1537349029420041
Wound1,Skin,Wound7,0.5,PWH27,2,Shared flow,521,497,1.4146468577879316,1.5517124269806004,0.08833181123604061
Wound1,Skin,Wound7,0.5,PWH28,2,Unchanged source,907,260,1.3521989295766526,1.3521989295766526,0.0
Wound1,Skin,Wound7,0.5,PWH28,2,Centroid translation,907,260,0.8274688378512627,1.3521989295766526,0.3880568755439503
Wound1,Skin,Wound7,0.5,PWH28,2,Independent bridge,907,260,0.952487458729987,1.3521989295766526,0.29560108509463734
Wound1,Skin,Wound7,0.5,PWH28,2,Shared flow,907,260,1.0585445681154226,1.3521989295766526,0.21716801798768426
