donor,cond,gene,cells,mean_log1p_cp10k,detected_fraction,pseudobulk_log1p_cp10k
PWH26,Skin,COL1A1,724,3.057371346375492,0.9958563535911602,3.460668633672587
PWH26,Skin,COL3A1,724,2.7381504531506256,0.9861878453038674,3.1212134026261746
PWH26,Skin,DCN,724,4.0745140625729555,0.9986187845303868,4.441332170443025
PWH26,Skin,LUM,724,1.6043057476834603,0.9019337016574586,1.9783851032407327
PWH26,Skin,TIMP1,724,1.5410259862439104,0.9599447513812155,1.7501294571374384
PWH26,Skin,CHI3L1,724,0.0029808179019842665,0.0055248618784530384,0.0034399806058282145
PWH26,Skin,FN1,724,1.5616798422226637,0.930939226519337,1.851668789900732
PWH26,Skin,MMP1,724,0.004611628773076391,0.0027624309392265192,0.010284643665699974
PWH26,Skin,MMP3,724,0.0027873854654064893,0.004143646408839779,0.006012222541602937
PWH26,Skin,IL6,724,1.145848985257802,0.664364640883978,1.9151942755590334
PWH26,Skin,CXCL12,724,1.4263433578583515,0.7320441988950276,2.065170112903188
PWH26,Skin,ACTA2,724,0.06469158976893129,0.11878453038674033,0.08817380861128225
PWH26,Wound1,COL1A1,255,2.1297864563536035,0.9254901960784314,2.492728666399726
PWH26,Wound1,COL3A1,255,1.5732053514375202,0.7529411764705882,2.008666834519482
PWH26,Wound1,DCN,255,3.6210228865398917,0.9921568627450981,3.8829525844606048
PWH26,Wound1,LUM,255,1.0800300950480353,0.803921568627451,1.405863805894045
PWH26,Wound1,TIMP1,255,2.8157798250681,0.984313725490196,3.5834296911702386
PWH26,Wound1,CHI3L1,255,0.018659882895281404,0.01568627450980392,0.05597351022635199
PWH26,Wound1,FN1,255,1.1462741661666478,0.8470588235294118,1.3597443080721698
PWH26,Wound1,MMP1,255,0.3335788860687482,0.16862745098039217,1.4766010410074752
PWH26,Wound1,MMP3,255,0.26012349053652384,0.12156862745098039,1.5140667440630329
PWH26,Wound1,IL6,255,1.0806161693792808,0.6588235294117647,1.9078219140511439
PWH26,Wound1,CXCL12,255,1.4370341812407514,0.8352941176470589,1.8091293429112307
PWH26,Wound1,ACTA2,255,0.053503167824614783,0.11764705882352941,0.06122766520523552
PWH26,Wound30,COL1A1,843,5.348851050155082,1.0,6.048826657097108
PWH26,Wound30,COL3A1,843,4.912413248264355,0.9976275207591934,5.562703621103745
PWH26,Wound30,DCN,843,4.073380827265861,1.0,4.207024964916047
PWH26,Wound30,LUM,843,3.4823970831564046,0.9940688018979834,3.884892777725554
PWH26,Wound30,TIMP1,843,2.4505245682490786,0.9976275207591934,2.769632067670995
PWH26,Wound30,CHI3L1,843,0.007847360616734017,0.014234875444839857,0.01253910831426462
PWH26,Wound30,FN1,843,2.7682446909916587,0.9774614472123369,3.5811107402688553
PWH26,Wound30,MMP1,843,0.05766511742711372,0.06880189798339265,0.1686485055269004
PWH26,Wound30,MMP3,843,0.03845835754068535,0.06287069988137604,0.08906427593353344
PWH26,Wound30,IL6,843,0.2521246537223369,0.20521945432977462,0.5174021385143388
PWH26,Wound30,CXCL12,843,1.1599665813291464,0.8493475682087782,1.478523123970681
PWH26,Wound30,ACTA2,843,0.14411154201030923,0.2858837485172005,0.34680448762361027
PWH26,Wound7,COL1A1,920,4.46300706062335,0.9956521739130435,5.079707884547655
PWH26,Wound7,COL3A1,920,3.853751587296102,0.9923913043478261,4.472356321168116
PWH26,Wound7,DCN,920,3.3343027316610243,0.9934782608695653,3.4337086493485742
PWH26,Wound7,LUM,920,2.7381684123794376,0.975,3.3122431466684934
PWH26,Wound7,TIMP1,920,2.5397451290597166,0.9923913043478261,2.8591379083672055
PWH26,Wound7,CHI3L1,920,0.002376344963407094,0.004347826086956522,0.0019266248418190201
PWH26,Wound7,FN1,920,2.2537716119346825,0.975,2.8275615708046637
PWH26,Wound7,MMP1,920,0.20896835980713302,0.2532608695652174,0.4690081070858362
PWH26,Wound7,MMP3,920,0.06931245877837446,0.1358695652173913,0.18855596625606813
PWH26,Wound7,IL6,920,0.6461333298454183,0.5706521739130435,1.0756688369298764
PWH26,Wound7,CXCL12,920,0.8924567373996262,0.7543478260869565,1.1073899389038442
PWH26,Wound7,ACTA2,920,0.5223833356278842,0.6456521739130435,1.0379346454500404
PWH27,Skin,COL1A1,521,3.9975721368317325,1.0,4.623941483225622
PWH27,Skin,COL3A1,521,3.4490338384056862,0.9923224568138196,4.1497812856797385
PWH27,Skin,DCN,521,4.0629863363946805,1.0,4.384498720925555
PWH27,Skin,LUM,521,1.9635961513464564,0.9654510556621881,2.3270566301426028
PWH27,Skin,TIMP1,521,1.7714880959381687,0.9731285988483686,2.1646998822680237
PWH27,Skin,CHI3L1,521,0.0,0.0,0.0
PWH27,Skin,FN1,521,1.7861503250233348,0.9366602687140115,2.114563443757093
PWH27,Skin,MMP1,521,0.013726863111554483,0.013435700575815739,0.034718693185289376
PWH27,Skin,MMP3,521,0.000698532850857289,0.0019193857965451055,0.0010385318005979901
PWH27,Skin,IL6,521,1.1402422647737265,0.6314779270633397,1.9016936686356145
PWH27,Skin,CXCL12,521,1.6634389441342796,0.7965451055662188,2.31491721355536
PWH27,Skin,ACTA2,521,0.13310481210363653,0.23224568138195778,0.24647732448646012
PWH27,Wound1,COL1A1,497,2.941588226299985,0.971830985915493,3.436859055906592
PWH27,Wound1,COL3A1,497,2.269139889384086,0.89738430583501,2.7812696737959905
PWH27,Wound1,DCN,497,3.5522648658733296,0.9919517102615694,3.8565050577070394
PWH27,Wound1,LUM,497,1.299332864272658,0.8430583501006036,1.5549346611775472
PWH27,Wound1,TIMP1,497,2.9386007365593136,0.993963782696177,3.586587980355638
PWH27,Wound1,CHI3L1,497,0.0,0.0,0.0
PWH27,Wound1,FN1,497,1.1085477540340116,0.8269617706237424,1.2771310981392678
PWH27,Wound1,MMP1,497,0.6610573294921847,0.30784708249496984,2.1776798621051165
PWH27,Wound1,MMP3,497,0.2793902111880498,0.18108651911468812,1.3016616658534277
PWH27,Wound1,IL6,497,1.2111472040619826,0.6861167002012073,1.9396993313486262
PWH27,Wound1,CXCL12,497,1.2944966753143656,0.8289738430583501,1.6377848714460779
PWH27,Wound1,ACTA2,497,0.10903712743588378,0.19114688128772636,0.1579385920376645
PWH27,Wound30,COL1A1,2096,5.87056609998814,1.0,6.134296453821151
PWH27,Wound30,COL3A1,2096,5.370649754097268,1.0,5.6474643176418455
PWH27,Wound30,DCN,2096,3.9980121132707773,0.9985687022900763,4.112088049100074
PWH27,Wound30,LUM,2096,4.067865626533123,0.9990458015267175,4.282758388464754
PWH27,Wound30,TIMP1,2096,2.5062771389508063,0.9966603053435115,2.750383120677482
PWH27,Wound30,CHI3L1,2096,0.013940700735736137,0.013358778625954198,0.028104252981068445
PWH27,Wound30,FN1,2096,3.095405513451947,0.9923664122137404,3.571434398346731
PWH27,Wound30,MMP1,2096,0.048505030813928283,0.05677480916030534,0.1268256989592701
PWH27,Wound30,MMP3,2096,0.03325946627811099,0.061068702290076333,0.06008419409752443
PWH27,Wound30,IL6,2096,0.22316985856334515,0.16698473282442747,0.5860594364117958
PWH27,Wound30,CXCL12,2096,0.9058946829503566,0.8177480916030534,1.1269214649013213
PWH27,Wound30,ACTA2,2096,0.34510139804334067,0.5262404580152672,0.6942378056931144
PWH27,Wound7,COL1A1,1992,4.5034978784526505,0.9984939759036144,5.005196853522936
PWH27,Wound7,COL3A1,1992,3.7977689315163916,0.9929718875502008,4.380390168601814
PWH27,Wound7,DCN,1992,3.27556716345607,0.9954819277108434,3.3532476479976077
PWH27,Wound7,LUM,1992,2.813193634177811,0.9809236947791165,3.312391494962612
PWH27,Wound7,TIMP1,1992,2.599547465288135,0.9919678714859438,2.9342303725465695
PWH27,Wound7,CHI3L1,1992,0.015627856505627556,0.02108433734939759,0.033389920139916617
PWH27,Wound7,FN1,1992,2.442821260363658,0.9668674698795181,3.0769824860262025
PWH27,Wound7,MMP1,1992,0.34834014112883815,0.31224899598393574,1.0222709806515442
PWH27,Wound7,MMP3,1992,0.178670939530949,0.18624497991967873,0.9441815839214751
PWH27,Wound7,IL6,1992,0.9712185560012351,0.6807228915662651,1.5117358668070282
PWH27,Wound7,CXCL12,1992,0.8066119946436903,0.7203815261044176,0.8978125890746811
PWH27,Wound7,ACTA2,1992,0.7048850436965951,0.7218875502008032,1.2292673370981186
PWH28,Skin,COL1A1,907,3.7368401480032754,0.9911797133406836,4.687048646494272
PWH28,Skin,COL3A1,907,3.201274584303254,0.9900771775082691,3.9990730873383242
PWH28,Skin,DCN,907,4.083345335758407,0.9900771775082691,4.508092101321798
PWH28,Skin,LUM,907,1.4135622887680472,0.8544652701212789,1.8407727258232705
PWH28,Skin,TIMP1,907,1.7666756634890959,0.9614112458654906,2.127212419696796
PWH28,Skin,CHI3L1,907,0.001722197907874266,0.0033076074972436605,0.0020604121285186143
PWH28,Skin,FN1,907,1.5427217239067685,0.9140022050716649,1.8768811355277362
PWH28,Skin,MMP1,907,0.0029254101409262206,0.004410143329658214,0.0061685440604228705
PWH28,Skin,MMP3,907,0.0008158976401608963,0.002205071664829107,0.0013740796774283084
PWH28,Skin,IL6,907,1.020229554888651,0.5898566703417861,1.8101971630310016
PWH28,Skin,CXCL12,907,1.8922885544760844,0.8379272326350606,2.478081689497163
PWH28,Skin,ACTA2,907,0.13063428905589702,0.22381477398015434,0.23645826502869158
PWH28,Wound1,COL1A1,260,3.169435699227666,1.0,3.680062206136819
PWH28,Wound1,COL3A1,260,2.3919658761808553,0.9423076923076923,2.8343901219901673
PWH28,Wound1,DCN,260,3.558475464472439,1.0,3.806004088271285
PWH28,Wound1,LUM,260,0.9779322143884394,0.7769230769230769,1.3044106814584242
PWH28,Wound1,TIMP1,260,3.0444155956834678,1.0,3.854863599955026
PWH28,Wound1,CHI3L1,260,0.02131137566729237,0.019230769230769232,0.05021030241590902
PWH28,Wound1,FN1,260,1.1014413340013325,0.8423076923076923,1.372940207901688
PWH28,Wound1,MMP1,260,0.547567556601785,0.27692307692307694,1.702878005890264
PWH28,Wound1,MMP3,260,0.18422324061621878,0.10384615384615385,0.8911045199616107
PWH28,Wound1,IL6,260,1.0510000751732858,0.65,1.846775531308925
PWH28,Wound1,CXCL12,260,1.4673724926812552,0.8807692307692307,1.7938519549239107
PWH28,Wound1,ACTA2,260,0.15801025978319536,0.23076923076923078,0.31506456043437414
PWH28,Wound30,COL1A1,2335,5.8691901126160415,1.0,6.1882092181654365
PWH28,Wound30,COL3A1,2335,5.345910812683271,0.9995717344753747,5.684730912427108
PWH28,Wound30,DCN,2335,3.8494775461116046,0.9987152034261242,3.9865641609657656
PWH28,Wound30,LUM,2335,3.650415449781467,0.9935760171306209,3.958815034465206
PWH28,Wound30,TIMP1,2335,2.5473301608211543,0.9957173447537473,2.8019834322263875
PWH28,Wound30,CHI3L1,2335,0.002479400173085426,0.003854389721627409,0.005140433219188652
PWH28,Wound30,FN1,2335,3.2582212941664923,0.9773019271948609,3.8759165996474754
PWH28,Wound30,MMP1,2335,0.05117122745016766,0.06852248394004283,0.16061025033752807
PWH28,Wound30,MMP3,2335,0.029353210729661273,0.053961456102783724,0.06842599135066382
PWH28,Wound30,IL6,2335,0.17771151458067821,0.12291220556745182,0.5020000616646105
PWH28,Wound30,CXCL12,2335,0.7809506813342998,0.7271948608137045,0.9873401397267811
PWH28,Wound30,ACTA2,2335,0.27351327968760114,0.39014989293361885,0.6155572999935892
PWH28,Wound7,COL1A1,909,4.296548580736795,0.9933993399339934,4.764395522988865
PWH28,Wound7,COL3A1,909,3.645035191866327,0.9878987898789879,4.109163090241013
PWH28,Wound7,DCN,909,3.495570036267055,0.9900990099009901,3.681330305526347
PWH28,Wound7,LUM,909,2.504570876304674,0.9625962596259626,3.1133039648657483
PWH28,Wound7,TIMP1,909,2.865287502590511,0.9900990099009901,3.2237286257298123
PWH28,Wound7,CHI3L1,909,0.020464646472223052,0.0319031903190319,0.03814918396592132
PWH28,Wound7,FN1,909,2.0165681536878304,0.9592959295929593,2.6931478783911365
PWH28,Wound7,MMP1,909,0.5816957204376542,0.44994499449944997,1.533023829906549
PWH28,Wound7,MMP3,909,0.14760488070442626,0.17601760176017603,0.7977333140367794
PWH28,Wound7,IL6,909,1.0978371154358968,0.7337733773377337,1.7374450914221105
PWH28,Wound7,CXCL12,909,1.1392669736000587,0.8151815181518152,1.3084206472960087
PWH28,Wound7,ACTA2,909,0.5047231684576767,0.7007700770077008,0.8766206659583897
